name,email,country,age
Wilma Dominguez,fusce.fermentum@hotmail.net,Vietnam,46
Indira Middleton,montes.nascetur@hotmail.couk,Vietnam,23
Emily Rocha,ornare.tortor.at@google.edu,Costa Rica,35
Brynne Mcdaniel,nulla@google.com,Ireland,41
Shad Roman,sociosqu.ad.litora@protonmail.couk,Chile,32
Jakeem Lott,posuere.cubilia@aol.org,Pakistan,47
Phoebe Mason,ut.nec.urna@outlook.edu,Costa Rica,40
Oprah Cochran,id@outlook.ca,Italy,29
Ezra Hanson,donec.porttitor@icloud.org,Netherlands,41
Jacqueline Mills,egestas.nunc@outlook.com,New Zealand,20
Lillith Logan,et@aol.net,Peru,29
Driscoll Matthews,dolor@outlook.com,Brazil,38
Rhoda Figueroa,primis@icloud.com,Ukraine,36
Cassidy Shields,magnis.dis.parturient@outlook.com,South Korea,57
Evelyn Mcfarland,mus.aenean@yahoo.org,United Kingdom,24
Jared Bolton,ultricies@yahoo.couk,Austria,47
Chase Estrada,gravida.sagittis.duis@google.net,Germany,46
Slade Mayer,dolor.sit@yahoo.edu,Ireland,24
Lani Payne,nam.interdum@google.org,Pakistan,48
Randall Carter,donec.elementum.lorem@yahoo.ca,Vietnam,33
Eaton Mercer,duis.sit@hotmail.couk,Philippines,56
Berk Mccoy,facilisis.non.bibendum@icloud.org,South Africa,33
Kevin Luna,quisque@protonmail.ca,Brazil,22
Quemby Green,cursus.luctus@outlook.com,Canada,19
Amena Donovan,vestibulum.mauris@yahoo.org,Singapore,51
Kenyon Olson,facilisis.non@yahoo.ca,Canada,54
Jasper Buckner,risus.donec@hotmail.net,South Korea,33
Cadman Contreras,dolor@yahoo.couk,Vietnam,52
Scarlet Blackwell,leo.in.lobortis@aol.org,Australia,39
Grant Davidson,varius.ultrices.mauris@aol.couk,Russian Federation,25
Brittany Wynn,ut.ipsum.ac@outlook.couk,Sweden,22
Alisa Stephens,amet@aol.couk,Turkey,50
Scott Tillman,congue.elit@hotmail.org,Spain,25
Judith Rios,donec.nibh.quisque@icloud.ca,Peru,55
Vladimir Duffy,magna.et@protonmail.edu,Colombia,23
Gretchen Stevenson,tempus.scelerisque@outlook.couk,Brazil,18
Kylynn Kidd,tellus.aenean.egestas@hotmail.couk,Mexico,26
Colton Rodriquez,sed.pede.cum@hotmail.org,Canada,29
Rina Elliott,hendrerit.a.arcu@hotmail.net,Colombia,37
Cade Barton,placerat.eget.venenatis@protonmail.net,Mexico,47
Leslie Finley,a.scelerisque.sed@outlook.com,Belgium,23
Dalton Simon,sed.id.risus@yahoo.ca,Germany,48
Adrian Mercer,at.fringilla@protonmail.edu,Poland,31
Martin Shaffer,per.conubia@hotmail.net,Poland,55
Rooney Lane,enim.curabitur@hotmail.ca,Russian Federation,56
Ivan Logan,felis.donec@google.net,Germany,45
Karyn Cameron,pellentesque@protonmail.com,Indonesia,55
Levi Valenzuela,class.aptent.taciti@yahoo.org,Chile,27
Harlan Hawkins,turpis.in.condimentum@protonmail.edu,Canada,33
Beverly Simpson,a.facilisis@yahoo.ca,Germany,20
Lilah Flynn,tellus.suspendisse.sed@google.org,Poland,22
Nyssa Nolan,hendrerit.id.ante@yahoo.ca,Germany,55
Dexter Goodman,a.odio@google.org,Germany,42
Mollie Butler,velit.egestas@protonmail.org,South Korea,34
Demetria Woodard,phasellus.nulla.integer@protonmail.org,South Korea,41
Bell Douglas,placerat.eget@yahoo.ca,South Africa,32
Ulysses Gonzales,per@protonmail.com,New Zealand,57
Noelani Gibbs,odio.vel@aol.edu,Belgium,20
Justine Wilkinson,tellus.phasellus@aol.net,Sweden,39
Cailin Clarke,sem.ut@hotmail.org,United States,38
Miranda Jackson,in.dolor.fusce@hotmail.net,Singapore,45
Ronan Briggs,justo.nec@protonmail.edu,Australia,25
Dean Ryan,dictum@protonmail.ca,Brazil,26
Keelie Moody,tincidunt.pede@aol.org,South Africa,54
Charity Bradley,aenean@hotmail.net,Nigeria,30
Ora Gamble,donec.nibh@google.couk,China,54
Maxwell Mcmahon,eu@hotmail.net,Nigeria,48
Blaze Compton,enim.sit@google.edu,Norway,49
Clementine Greer,congue.a@protonmail.edu,Brazil,55
Xandra Logan,mauris@yahoo.edu,South Korea,32
Gillian Foley,eu.odio.tristique@google.edu,Australia,54
Hyacinth Stout,eu.turpis@yahoo.couk,Germany,38
Paki Nguyen,malesuada@google.org,Mexico,52
Kathleen Nolan,pharetra.nibh.aliquam@protonmail.com,Costa Rica,46
Kevyn Anderson,tempor.augue@icloud.org,Colombia,33
Hilda Mathis,diam.lorem@hotmail.org,Philippines,32
Nash Vega,magnis.dis@icloud.org,Vietnam,39
Zeph Michael,praesent.eu.dui@outlook.org,United Kingdom,27
Cole Parsons,donec.est.nunc@google.net,Turkey,22
Berk Harding,id.magna@aol.org,Poland,55
Olivia Rojas,semper.pretium.neque@yahoo.edu,South Africa,55
Sade Norman,pede@hotmail.org,Ireland,55
Patricia Hart,quam.a@hotmail.com,South Korea,49
Marshall Davidson,gravida.aliquam@aol.org,Vietnam,32
Neve Vaughn,luctus.sit.amet@outlook.ca,Indonesia,40
Gage Cook,odio@icloud.org,Peru,33
Marah Maynard,et@icloud.org,Peru,40
Ivor Mckinney,velit.dui@hotmail.net,France,48
Courtney Short,non.lorem@google.net,Netherlands,45
Samson Schmidt,ante@aol.ca,Belgium,43
Karyn Rollins,et.magnis.dis@protonmail.net,Ukraine,23
Joel Burke,natoque.penatibus@protonmail.net,New Zealand,22
Briar Gould,nulla.facilisis@yahoo.org,India,32
Geoffrey Steele,est@icloud.ca,Vietnam,32
Kristen Preston,arcu.vivamus@yahoo.ca,Philippines,39
Cruz Coleman,nibh.donec@google.com,India,53
Wilma Cotton,elit.dictum.eu@outlook.com,United Kingdom,52
Neil Serrano,urna.justo@hotmail.edu,Costa Rica,19
Hyatt Mcneil,nunc.ullamcorper@hotmail.org,Nigeria,39
Janna Flowers,nulla.facilisi.sed@aol.ca,Colombia,34
Jelani Harrington,et.tristique.pellentesque@icloud.couk,Brazil,48
Bernard Lopez,et.tristique@icloud.ca,Turkey,44
Ann Kelly,elit.curabitur@yahoo.edu,Peru,29
Leroy Dixon,feugiat@hotmail.net,United States,53
Reece Malone,facilisis.lorem.tristique@yahoo.couk,Chile,35
Holmes Grimes,at.egestas@hotmail.org,Brazil,25
Ferdinand Jacobs,praesent.interdum.ligula@protonmail.com,Russian Federation,42
Colton Page,dis.parturient@google.net,Pakistan,42
Lewis Peck,sapien@icloud.couk,Russian Federation,53
Pamela Hall,pulvinar@protonmail.com,New Zealand,22
Rosalyn Luna,varius@icloud.net,South Korea,19
Tad Benjamin,auctor.velit.eget@protonmail.com,Norway,26
Macaulay Butler,vestibulum@outlook.org,United Kingdom,29
Margaret Griffin,lobortis.tellus@icloud.net,Mexico,36
Maxine Barber,ligula.aenean.gravida@outlook.couk,Russian Federation,45
Jeremy Goff,lorem.tristique@icloud.ca,Philippines,27
Barclay Kidd,lacinia.orci.consectetuer@hotmail.ca,Australia,56
Kyra Irwin,non.arcu@aol.couk,Pakistan,34
Jelani Downs,id.sapien@protonmail.org,Brazil,27
Hayes Michael,porta@protonmail.couk,Sweden,55
Isaiah West,sed.dui.fusce@protonmail.net,Pakistan,27
Tyler Bates,sollicitudin@icloud.org,Nigeria,20
Nathan Whitney,mauris@outlook.ca,Turkey,45
Benedict Odom,egestas.nunc@hotmail.org,Peru,27
Olivia Meyer,in@aol.com,Brazil,28
Naida Petersen,aliquet.magna@icloud.ca,Colombia,31
Dale Buck,urna@protonmail.net,Brazil,35
Jeremy Beard,curabitur@protonmail.com,Belgium,33
Sierra Green,in.ornare.sagittis@hotmail.com,New Zealand,27
Christopher Rush,nam.consequat@yahoo.edu,United States,37
Richard Mathews,fermentum@protonmail.org,Indonesia,25
Maggy Rivera,ligula.nullam@outlook.net,Brazil,52
Porter Turner,quam.quis@yahoo.com,Indonesia,32
Sydnee Barlow,interdum.ligula@protonmail.org,Nigeria,24
Robin Maynard,nulla.integer@google.net,Costa Rica,45
Dale Jacobson,enim.suspendisse@hotmail.net,Indonesia,26
Petra Mclean,et@aol.org,India,54
Steven Rose,neque.nullam.ut@yahoo.ca,Philippines,48
Solomon Wallace,nulla.facilisis@icloud.ca,Ukraine,36
Talon Parker,vel.quam@protonmail.org,Brazil,27
Brittany Barker,ornare@google.net,Peru,35
Nina Hoover,neque.morbi@hotmail.net,Russian Federation,27
Chanda Elliott,enim@outlook.com,Pakistan,41
Keegan Turner,lectus.quis@google.org,South Korea,34
Andrew Irwin,ut.nisi@icloud.edu,United States,50
Randall Stokes,turpis@google.com,Philippines,30
Dolan Rivera,arcu.vestibulum.ante@protonmail.edu,Belgium,21
Aaron Tyson,leo.morbi@google.edu,Poland,36
Karly Johnston,vivamus@yahoo.ca,Australia,30
Carl Blair,tristique.senectus@icloud.edu,Mexico,41
Isaac Dejesus,tempus.mauris@protonmail.com,Ukraine,52
Octavius Hahn,in.nec.orci@google.com,Canada,24
Mufutau Mcfarland,vitae@yahoo.com,Italy,53
Micah Camacho,pellentesque.sed.dictum@aol.edu,Belgium,37
Jamalia Byrd,cum@aol.net,Belgium,35
Fuller Bruce,ante.ipsum@aol.com,Canada,34
Kennan Allison,cras.eu.tellus@protonmail.com,United Kingdom,32
Jessica Cline,fermentum.arcu@google.edu,Mexico,18
Nathan Andrews,cras.interdum@google.com,France,52
Xenos Webster,sodales.at@outlook.ca,Austria,24
Victor Casey,scelerisque.neque@outlook.org,New Zealand,19
Helen Wells,risus@yahoo.org,Brazil,45
Kieran Lester,metus@aol.net,China,29
Dylan Hinton,lobortis.nisi@google.ca,Sweden,21
Flynn Conley,proin.vel@protonmail.com,Ireland,21
Tiger Galloway,vulputate.lacus.cras@aol.com,Netherlands,29
Indigo Bridges,vulputate.lacus@aol.couk,Ukraine,48
Ryan Day,dictum.phasellus@icloud.couk,South Korea,31
Eugenia Roach,in.tempus.eu@aol.net,Mexico,25
Zachary Ingram,bibendum.donec@icloud.org,Chile,34
Raven Benjamin,et@icloud.couk,Peru,31
Halla Bird,montes.nascetur.ridiculus@hotmail.net,Australia,33
Omar Contreras,diam.luctus@yahoo.com,Belgium,19
Oscar Hooper,dolor.quam.elementum@outlook.ca,Austria,30
Morgan Frazier,morbi.non@aol.net,Australia,22
Kasimir Clark,nonummy.ut@aol.com,Philippines,31
Kibo Harris,felis@protonmail.couk,Brazil,45
Uriel Fowler,interdum.ligula@protonmail.ca,Brazil,30
Ezekiel Wilcox,suspendisse.tristique.neque@hotmail.org,Australia,55
Rhonda Hayes,erat.sed@yahoo.ca,Sweden,28
Hamilton Ryan,nullam@yahoo.ca,Germany,53
Blaze Hodges,scelerisque.neque@protonmail.couk,Canada,28
Brianna Reilly,arcu@icloud.com,United States,50
Wade Hodge,ut.nulla.cras@google.ca,Austria,39
Debra Blackwell,enim.sed@google.ca,Peru,44
Rosalyn Short,sem.molestie@outlook.org,South Africa,37
Kirk Park,auctor.velit.aliquam@aol.edu,France,39
Hamilton Wilder,nunc.sed@hotmail.edu,Norway,19
Yuri Byers,aliquet.libero@aol.ca,Nigeria,22
Rose Doyle,augue.sed@protonmail.org,Colombia,41
Cailin Morrow,tristique@hotmail.ca,Philippines,55
Amir Hicks,mauris@yahoo.couk,China,36
Orli Garrison,erat.eget@hotmail.edu,India,31
Kelly Wise,ut.aliquam.iaculis@hotmail.net,France,43
Deborah Dominguez,suscipit@yahoo.org,Nigeria,40
Ian Mercado,in.felis@aol.org,Turkey,38
Brenda Clarke,ornare.sagittis.felis@aol.org,South Africa,22
Martina Pennington,purus.ac@yahoo.com,Ireland,40
Zeus Rojas,amet@hotmail.net,Spain,23
Xantha Downs,nibh.enim.gravida@icloud.org,France,56
Courtney Barker,nisl.arcu.iaculis@google.couk,Pakistan,20
Otto Merrill,suspendisse.sagittis@outlook.com,Canada,29
Lionel Abbott,sollicitudin@google.com,Costa Rica,19
Hayley Moran,proin.dolor@outlook.com,Poland,21
Channing Herring,aliquam.erat@aol.com,Chile,24
Sandra Wiggins,malesuada.vel@hotmail.net,New Zealand,29
Fatima Chen,lorem.fringilla@outlook.org,Colombia,31
Rajah Dalton,quam.a@icloud.couk,Norway,24
Jack Taylor,est.mauris@aol.com,China,29
Sheila Slater,ante.ipsum.primis@outlook.edu,Austria,25
Janna Elliott,tellus@yahoo.couk,Australia,24
Willow Branch,orci.sem@aol.org,Austria,36
Jason Mendoza,nunc.ut@yahoo.net,United States,26
Nehru Sharpe,montes.nascetur@google.org,Russian Federation,49
Rudyard Hardin,donec.consectetuer@google.org,Indonesia,19
Kennan Pratt,ut.pharetra@aol.ca,Brazil,44
Candice Warner,odio.vel.est@icloud.com,Australia,56
Kaitlin Craig,fusce.mollis@protonmail.org,Chile,38
Mercedes Melendez,aliquet.proin.velit@icloud.couk,Canada,20
Brian Pitts,neque@protonmail.net,Mexico,39
Jin Hubbard,vitae.orci@icloud.ca,Ukraine,19
Laura Delacruz,aliquam.vulputate@hotmail.net,United States,28
Oleg Mcknight,aliquet.magna@google.org,Ireland,46
Walker O'donnell,nam.interdum@outlook.org,United Kingdom,30
Hayes Hayden,a.feugiat@google.couk,Brazil,31
Chancellor Peters,facilisis.lorem.tristique@icloud.ca,Germany,55
Florence Baird,felis.orci@hotmail.couk,New Zealand,53
Hedy Carson,convallis.ante.lectus@hotmail.org,Spain,38
Zenaida Rogers,magna@protonmail.net,United States,46
Kameko Rivas,dolor.quisque.tincidunt@google.couk,Chile,48
Reed Sloan,iaculis@hotmail.net,Germany,33
Caldwell Pollard,a.facilisis@icloud.ca,Netherlands,24
Tucker Hodges,viverra@icloud.couk,India,20
Mufutau Richard,placerat.eget@google.edu,Singapore,43
Donovan Butler,ligula.aliquam@yahoo.ca,Singapore,27
Cara Mcgowan,donec.consectetuer.mauris@outlook.net,Vietnam,33
Dale O'connor,magnis.dis@protonmail.com,Peru,19
Jael Mcgowan,dictum.sapien@protonmail.edu,Singapore,33
Norman Holder,vitae.semper@hotmail.net,Norway,37
Chancellor Hewitt,pede.et@google.com,Russian Federation,28
Rashad Hicks,fringilla.porttitor.vulputate@yahoo.com,Italy,24
Thomas Mcdaniel,tincidunt.nunc@hotmail.couk,Turkey,26
Upton Galloway,rhoncus@protonmail.net,Australia,38
Ariel Weeks,lacus@hotmail.com,United Kingdom,20
Adara Vincent,non.sapien@outlook.edu,South Africa,24
Kaye Carver,nec.cursus@outlook.net,Sweden,47
Gwendolyn Soto,id.erat@hotmail.couk,Norway,35
Duncan Yang,nulla@outlook.edu,Ireland,39
Mark Walters,odio.a@google.ca,New Zealand,18
Zephania Trevino,penatibus.et@protonmail.ca,Vietnam,26
Ginger Atkins,vulputate.ullamcorper.magna@yahoo.couk,Spain,35
Carolyn Goff,egestas@aol.edu,Chile,19
Sharon Ramos,sagittis.augue.eu@protonmail.ca,Austria,57
Axel Dickerson,in.dolor@icloud.ca,Poland,46
Cheyenne Whitley,diam.eu@aol.net,Ireland,55
Hannah Mays,vehicula.et@icloud.couk,Austria,55
Sean Davis,primis@aol.couk,Brazil,31
Ian Dunlap,facilisis.lorem.tristique@google.ca,Peru,49
Beverly Bowman,nec.malesuada@protonmail.net,Mexico,18
Chelsea Cantu,non.egestas.a@icloud.net,United Kingdom,40
Magee Salazar,dolor.fusce@yahoo.net,United States,19
Fleur Schneider,sodales.at@icloud.couk,Canada,44
Lisandra Buckley,etiam@protonmail.ca,South Korea,39
Venus Witt,orci.consectetuer.euismod@protonmail.couk,Australia,41
Ava Suarez,non.nisi@hotmail.net,Vietnam,29
Vaughan Vega,malesuada.vel@hotmail.edu,Austria,35
Tanner Bowman,elit.pellentesque@aol.couk,Australia,45
Zelenia Hunt,risus.quisque.libero@outlook.couk,New Zealand,26
Colleen Erickson,at.velit@aol.couk,Spain,20
Steel Pierce,nec@yahoo.edu,United States,28
Jack Miles,sit.amet.ornare@google.ca,Mexico,41
Salvador Daugherty,tellus.suspendisse.sed@protonmail.couk,Belgium,19
Tatum Rocha,quis.tristique@outlook.org,Belgium,55
Uriel Browning,dolor.dolor@outlook.com,Austria,50
Jordan Roth,pellentesque.eget@yahoo.couk,Costa Rica,48
Kellie Fitzgerald,vulputate@protonmail.org,Germany,51
Brendan Hoover,ipsum.curabitur.consequat@icloud.org,China,25
Dieter Sykes,suspendisse.commodo@google.net,Canada,38
Amelia Espinoza,non.sapien@protonmail.couk,Philippines,24
Ahmed Weeks,sed.pede@google.couk,France,52
Ali Moore,diam.eu.dolor@outlook.couk,United Kingdom,47
Sydney Miller,facilisis@google.ca,Vietnam,57
Aspen Guy,sit@yahoo.ca,India,42
Odette Terrell,condimentum@protonmail.ca,Russian Federation,24
Tiger Macias,faucibus@protonmail.org,Ukraine,44
Venus Lester,eget.magna@yahoo.ca,Philippines,39
Arsenio Rose,aliquet.phasellus@outlook.org,Chile,53
Graham Emerson,aliquam.adipiscing.lacus@icloud.com,South Africa,22
Adrienne Gamble,eros@hotmail.couk,Netherlands,25
Dante Sellers,nec.malesuada.ut@yahoo.com,Spain,51
Stuart Browning,vitae.velit@hotmail.com,China,50
Cassandra Ruiz,cum@protonmail.com,Colombia,45
Aimee Larson,nec.tempus@yahoo.edu,Russian Federation,19
Yolanda Gillespie,dui.cum.sociis@hotmail.ca,Chile,45
Kelly Pope,venenatis@icloud.edu,Russian Federation,35
Adele Matthews,dui.lectus@outlook.com,Italy,22
Hayes Houston,turpis.aliquam.adipiscing@hotmail.net,India,51
Kato Irwin,egestas.fusce@protonmail.couk,Ireland,46
Kelsey Roberts,at.iaculis.quis@hotmail.edu,South Korea,37
Vielka Harrison,ac@yahoo.couk,Austria,50
Kane Sears,eu.dolor.egestas@hotmail.net,Australia,46
Aristotle Dalton,ac@hotmail.edu,South Africa,23
Silas Simon,aliquam@hotmail.ca,Vietnam,18
Rae Donovan,dignissim.maecenas@hotmail.com,Indonesia,22
Scarlett Mcknight,magna@outlook.couk,Norway,19
Adrienne Robbins,hendrerit@protonmail.net,Pakistan,39
Arden Maddox,tincidunt.orci@icloud.couk,Vietnam,50
Griffith Harding,sed.et@yahoo.couk,United Kingdom,41
Malcolm Cabrera,parturient.montes@yahoo.edu,China,35
Ruby Prince,vivamus.rhoncus.donec@protonmail.edu,Ireland,35
Emma Dotson,pede@hotmail.com,France,21
Kenyon Powell,donec.elementum.lorem@yahoo.edu,Poland,41
Jorden O'connor,sit.amet.lorem@aol.net,Pakistan,45
Debra Fischer,augue.eu@icloud.com,Chile,31
Illana Cummings,et.tristique@yahoo.com,Ireland,52
Yasir Dickerson,in@aol.com,Brazil,28
Andrew Beck,nisl@hotmail.ca,Brazil,19
Giselle Meadows,parturient.montes.nascetur@outlook.couk,China,54
Shaine Lynn,ipsum.primis@google.edu,New Zealand,22
Ivan Newman,diam.lorem@google.com,Pakistan,28
Uta Maynard,eu.dolor@aol.couk,Vietnam,18
Erica Bradford,phasellus.dapibus@google.net,Spain,31
Nina Kaufman,non.sollicitudin.a@protonmail.couk,China,51
Elijah Jones,aliquam.adipiscing.lobortis@hotmail.org,Norway,49
Freya Forbes,et.pede@hotmail.edu,Turkey,37
Kaseem Estrada,imperdiet.ullamcorper@protonmail.org,Costa Rica,43
Warren Dillard,non.lorem@aol.com,Turkey,54
Kiara Bryan,aliquam.eros@hotmail.com,Chile,31
Danielle Neal,ullamcorper@protonmail.org,New Zealand,25
Eric Crane,maecenas.iaculis@aol.edu,Canada,54
Edward Chambers,quisque.ac@outlook.edu,New Zealand,53
Alice Garrison,erat.volutpat@outlook.com,Ireland,20
Arsenio Whitehead,rutrum.eu.ultrices@outlook.ca,Indonesia,23
Kevin Giles,fusce.mi@yahoo.com,Philippines,28
Caleb Witt,pellentesque.tincidunt.tempus@protonmail.net,New Zealand,49
Brendan Parrish,non.lorem@hotmail.ca,Chile,26
Vincent Reynolds,sed@aol.edu,Brazil,31
Inga Duffy,massa.rutrum@outlook.com,United States,23
Lacota Randall,in.lorem@aol.org,Chile,27
Hashim Robinson,tellus@aol.org,Belgium,41
Emma Chaney,eget.ipsum@yahoo.org,Canada,37
Yasir Zamora,lacus@yahoo.edu,Brazil,28
Martha Chambers,in.molestie.tortor@protonmail.edu,Norway,44
Aaron Golden,purus.sapien@protonmail.net,Poland,31
Tucker Burt,mauris.blandit@protonmail.edu,Belgium,20
Emery Combs,gravida@yahoo.org,China,27
Russell Oneil,vitae.posuere@protonmail.edu,Canada,27
Hollee Whitehead,scelerisque.neque@yahoo.couk,Austria,40
Rana Higgins,ac.libero@aol.edu,Mexico,51
Jordan Boyd,dapibus.ligula@hotmail.net,Norway,32
Giacomo Gilmore,torquent.per@icloud.org,Singapore,36
McKenzie Mcclain,mollis@hotmail.edu,Vietnam,34
Simon Hodge,semper.tellus.id@hotmail.edu,Mexico,27
Hollee Jensen,aliquam.gravida.mauris@protonmail.couk,Belgium,23
Eugenia Sears,sed.pharetra.felis@google.com,Canada,57
Carl Austin,semper@outlook.ca,Costa Rica,54
Martina Shepard,pulvinar.arcu@yahoo.couk,Sweden,46
Ebony Henry,dis.parturient@protonmail.couk,Germany,35
Upton Blackwell,luctus.et.ultrices@hotmail.com,Canada,43
Garrison Vega,mi.pede.nonummy@outlook.org,Vietnam,51
Pearl Bruce,tincidunt.donec@protonmail.edu,Netherlands,35
Flavia Compton,est.ac@hotmail.ca,Costa Rica,53
Owen Chaney,dui.nec@outlook.couk,Austria,26
Rhiannon Salas,erat.sed.nunc@aol.ca,Brazil,34
Zane Ellison,feugiat.non.lobortis@icloud.couk,Australia,29
Vernon Pate,tempor.lorem@google.net,Singapore,36
Tanner Farmer,integer.urna.vivamus@outlook.org,Mexico,36
Wendy Nieves,dolor@outlook.ca,Indonesia,18
Felicia Mooney,duis.gravida.praesent@yahoo.edu,Singapore,54
Merritt Robles,vel.sapien@yahoo.org,Belgium,43
Callum Burris,donec.felis@google.couk,South Korea,54
Virginia Knowles,adipiscing.non@google.couk,Pakistan,40
Chadwick George,imperdiet.ornare@outlook.ca,Ukraine,20
Jacob Joseph,ultrices.posuere.cubilia@hotmail.net,Canada,35
Demetria Love,dictum.mi@hotmail.ca,United Kingdom,45
Kasimir Delaney,ligula.aenean@aol.ca,Philippines,21
Jocelyn Bradshaw,aenean.massa@protonmail.org,Italy,23
Karen Bush,elit.pharetra.ut@icloud.com,Netherlands,19
Jonas Wolfe,dolor.dolor@yahoo.com,Costa Rica,36
Dawn Shaffer,hendrerit@google.org,China,36
Ivor Dyer,cursus.vestibulum@icloud.net,Vietnam,23
Austin Baird,praesent.luctus@icloud.edu,Norway,19
Lawrence Dominguez,proin.vel@yahoo.net,Mexico,54
Alfreda Hooper,vitae.nibh.donec@yahoo.ca,Sweden,37
Rhiannon Blevins,ultrices@protonmail.ca,Ukraine,54
Robert Brennan,tortor@aol.edu,South Korea,52
Teagan Hess,non@yahoo.org,Australia,38
Tatiana Strickland,mollis@yahoo.net,Philippines,37
Wang Perkins,facilisi.sed@yahoo.org,Belgium,52
Gemma Lynn,metus.vitae.velit@google.ca,Sweden,35
Brynn Adkins,nunc.sollicitudin.commodo@outlook.edu,Peru,38
Chanda Holden,nam@yahoo.net,United Kingdom,26
Amela Valdez,quis.lectus@outlook.edu,Singapore,24
Garth French,est.mollis.non@yahoo.ca,Norway,20
Zephr Lambert,id.nunc.interdum@aol.edu,Australia,21
Yolanda Stokes,suspendisse.commodo.tincidunt@protonmail.ca,Ireland,33
Fredericka Hurley,ante@hotmail.com,Pakistan,50
Wilma Stuart,neque.in@icloud.edu,New Zealand,41
Finn Barton,dui.cras.pellentesque@google.org,Philippines,33
Phelan Gross,sem.mollis@outlook.ca,Pakistan,44
Daniel Sanford,mi@google.couk,Turkey,44
Ulric Puckett,dignissim.pharetra@google.ca,China,26
Cody Townsend,lectus.rutrum@hotmail.com,Ukraine,35
Quynn Gomez,phasellus.elit@aol.ca,Singapore,47
Eagan Warner,quisque.tincidunt@aol.edu,Norway,32
Colt Decker,cursus.a@hotmail.edu,Mexico,24
Rudyard Bush,neque.morbi@protonmail.ca,Turkey,29
Jackson Gould,eget.ipsum@icloud.net,South Korea,50
Tate Pennington,egestas.rhoncus@yahoo.edu,China,38
Tara Olson,penatibus.et@yahoo.edu,Philippines,19
Summer Barlow,tristique.aliquet.phasellus@protonmail.org,Turkey,21
Veronica Mcfadden,orci.lobortis@yahoo.com,Brazil,54
Andrew Warner,et.magnis@protonmail.com,United States,45
Yen O'Neill,sem.consequat@aol.edu,Turkey,52
Edward Huffman,cum.sociis.natoque@aol.com,Mexico,44
Silas Ayers,vitae@hotmail.couk,Singapore,36
Wallace Mathews,ut.molestie@hotmail.couk,Colombia,29
Reece Collier,sed@google.couk,Philippines,45
Ayanna Miller,posuere.vulputate.lacus@google.net,Ukraine,54
Dylan Hodge,fermentum.fermentum@yahoo.edu,Sweden,44
Dora Aguirre,nec.ligula@aol.com,Singapore,27
Jacqueline Kinney,sit@icloud.net,Peru,19
Lillian Hicks,magna.cras.convallis@google.ca,Australia,18
Indigo Pace,ridiculus.mus@outlook.com,Spain,19
Jana House,in@yahoo.net,Spain,49
Hayley Branch,nascetur.ridiculus@google.com,Costa Rica,38
Bell Sawyer,nam.tempor@google.ca,Norway,28
Jaime Pollard,ultricies.dignissim@hotmail.net,China,37
Aquila Hendricks,nulla.eu@outlook.org,Belgium,50
Nigel Gardner,et.magna@hotmail.couk,Chile,52
Guy Sosa,mauris.id.sapien@yahoo.ca,Spain,22
Pearl Rosales,libero@icloud.net,Mexico,43
Dillon Kelley,aliquam.rutrum@outlook.ca,Chile,44
Leila Ruiz,in@hotmail.couk,Sweden,40
Hu Hopper,nec.ante@icloud.org,Chile,38
Talon Dean,et.magna@google.ca,Italy,56
Laith Moore,hendrerit.consectetuer@protonmail.couk,Russian Federation,40
April Wade,nunc.ullamcorper@hotmail.couk,Indonesia,34
Tamara Russo,fusce.fermentum@google.com,Norway,24
Hyatt Terrell,eleifend@google.edu,Turkey,38
Boris Lancaster,nisi.magna@icloud.org,Spain,30
Cade Weeks,etiam@yahoo.net,Nigeria,46
Gregory Acosta,mus@outlook.couk,New Zealand,26
Wyatt Mclean,tempor.diam@hotmail.edu,Indonesia,30
May Miranda,rhoncus@google.net,Vietnam,43
Yardley House,mollis.vitae@protonmail.edu,Australia,47
Shelly Sharp,nec.malesuada@hotmail.com,Mexico,27
Deanna Brewer,interdum.sed@hotmail.couk,Nigeria,21
Kai Guzman,lacus.quisque@icloud.com,Norway,43
Dolan Peck,vestibulum.ut@yahoo.couk,Ukraine,37
Quyn Mitchell,in@protonmail.ca,Sweden,19
Heather Ray,justo.faucibus@protonmail.org,Ireland,29
Uta Hebert,nullam.velit.dui@protonmail.org,Ukraine,56
Lysandra Hansen,ultrices.mauris@outlook.org,Costa Rica,21
Phillip Neal,porttitor.vulputate@aol.net,Brazil,22
Martina Vaughan,eget.magna.suspendisse@google.couk,France,44
Shad Macdonald,mauris.suspendisse.aliquet@hotmail.couk,Vietnam,53
Keiko Brown,lobortis.quis.pede@google.org,Belgium,53
Gloria Wolfe,ultricies.ligula.nullam@google.org,Ireland,43
Garrison Mays,mi@outlook.edu,Indonesia,45
Victor Pruitt,quis.diam@protonmail.couk,India,46
Emma Barry,mauris@icloud.ca,Russian Federation,42
Debra Hays,nunc.commodo.auctor@google.org,Poland,55
Knox Benjamin,ante.lectus@outlook.com,Colombia,18
Ronan Castaneda,sed@aol.edu,Brazil,41
Colin Walls,vestibulum.massa@icloud.com,Nigeria,54
Shellie Whitfield,gravida.aliquam.tincidunt@icloud.net,Pakistan,37
Tucker Scott,at@google.com,South Africa,32
Vaughan Hardy,facilisis@aol.net,Norway,20
Irene Bennett,scelerisque@hotmail.couk,Indonesia,52
Martin Butler,dictum.eu@google.ca,Spain,39
Dustin Ford,porttitor.eros.nec@yahoo.org,South Korea,27
Carson Young,morbi@google.com,Singapore,19
Autumn Moody,eros.nec@yahoo.ca,Chile,36
Lenore Luna,ac.mattis.ornare@aol.ca,United Kingdom,53
Hunter Tate,etiam.gravida@google.couk,Canada,40
Kessie Hill,et.magnis.dis@protonmail.edu,Philippines,19
Tate Powers,adipiscing.mauris@protonmail.edu,Poland,31
Cain Davenport,rutrum.fusce@yahoo.edu,Russian Federation,22
Scarlett Ramsey,lectus.justo@yahoo.edu,Belgium,32
Lane Patrick,ut.pharetra@yahoo.edu,Vietnam,52
Kermit Warner,lobortis.mauris@outlook.ca,China,40
Jordan Hodges,parturient.montes@icloud.couk,New Zealand,40
Winifred Berg,pharetra.nibh.aliquam@protonmail.org,Chile,41
Macaulay Cantu,mauris.blandit@google.net,South Africa,24
Hoyt Maldonado,convallis.erat@google.com,Brazil,54
Charles Burnett,sit.amet@icloud.ca,Ukraine,21
Hedwig Horne,libero.proin.sed@aol.net,United Kingdom,23
Marah Baker,suspendisse.non@protonmail.com,United Kingdom,45
Aphrodite Atkinson,porttitor@icloud.com,Colombia,36
Perry Bennett,velit.cras.lorem@hotmail.couk,Peru,44
Dylan Weber,amet@outlook.org,India,25
Deacon Griffin,dui.quis@yahoo.ca,South Korea,41
Amber Vargas,urna.et.arcu@hotmail.edu,New Zealand,30
Amaya Calderon,risus.at.fringilla@google.ca,Netherlands,53
Barry Collier,commodo@yahoo.edu,Belgium,26
Judith Guzman,tristique.senectus.et@aol.com,Australia,23
Dustin Harper,orci@google.org,Nigeria,19
Carissa Fuller,quis.turpis.vitae@google.org,Chile,30
Cole Figueroa,lectus.justo@outlook.org,India,24
